"id";"lang";"label"
"Q1147937";"en";"ACS"
"Q15";"en";"Africa"
"Q132959";"en";"Africa South of the Sahara"
"Q15";"en";"African continent"
"Q7159";"de";"African Union"
"Q7159";"en";"African Union"
"Q7159";"en";"African union"
"Q15";"de";"Afrika"
"Q15";"tr";"Afrika"
"Q7159";"tr";"Afrika Birliği"
"Q15";"tr";"Afrika kıtası"
"Q132959";"de";"Afrika südlich der Sahara"
"Q7159";"de";"Afrikanische Union"
"Q15";"fr";"Afrique"
"Q27394";"fr";"Afrique australe"
"Q27433";"fr";"Afrique centrale"
"Q27407";"fr";"Afrique de l'Est"
"Q4412";"fr";"Afrique de l'Ouest"
"Q4412";"fr";"Afrique de l’Ouest"
"Q27381";"fr";"Afrique du Nord"
"Q132959";"fr";"Afrique Noire"
"Q132959";"fr";"Afrique noire"
"Q4412";"fr";"Afrique occidentale"
"Q210682";"fr";"Afrique occidentale francaise"
"Q210682";"fr";"Afrique Occidentale Française"
"Q210682";"en";"Afrique occidentale française"
"Q132959";"fr";"Afrique sub-saharienne"
"Q66065";"fr";"Afrique sub-sahélienne"
"Q132959";"fr";"Afrique subsaharienne"
"Q210682";"fr";"Afrique-Occidentale française"
"Q4918";"tr";"Akdeniz"
"Q28227";"fr";"Al-Maghreb Al-Arabi"
"Q28227";"de";"Al-Maghrib"
"Q28227";"en";"Al-Maghrib"
"Q28227";"en";"Al-Maghrib Al-Arabi"
"Q28227";"en";"Algeria"
"Q1286";"en";"Alpeia"
"Q1286";"en";"Alpeis"
"Q1286";"de";"Alpen"
"Q1286";"fr";"Alpes"
"Q1286";"en";"Alpine"
"Q1286";"tr";"Alpler"
"Q1286";"en";"Alps"
"Q46";"de";"Alter Kontinent"
"Q2841453";"en";"Amazon Region"
"Q2841453";"en";"Amazon River Region"
"Q2841453";"en";"Amazonia"
"Q2841453";"fr";"Amazonie"
"Q2841453";"de";"Amazonien"
"Q828";"de";"America"
"Q828";"en";"America"
"Q828";"en";"América"
"Q828";"en";"Americas"
"Q828";"de";"Amerika"
"Q828";"tr";"Amerika"
"Q123759";"tr";"Amerikan Devletleri"
"Q123759";"tr";"Amerikan Devletleri Örgütü"
"Q828";"de";"amerikanischer Doppelkontinent"
"Q828";"de";"Amerikas"
"Q828";"fr";"Amérique"
"Q27611";"fr";"Amérique centrale"
"Q49";"fr";"Amérique du Nord"
"Q2017699";"fr";"Amérique du Nord"
"Q18";"fr";"Amérique du Sud"
"Q12585";"fr";"Amérique latine"
"Q18";"fr";"Amérique méridionale"
"Q2017699";"fr";"Amérique septentrionale"
"Q828";"fr";"Amériques"
"Q12824780";"tr";"Anadolu"
"Q12824780";"tr";"Anadolu Yarımadası"
"Q7768";"fr";"ANASE"
"Q12824780";"en";"Anatolia"
"Q12824780";"en";"Anatolian Peninsula"
"Q12824780";"fr";"Anatolie"
"Q15";"en";"Ancient Libya"
"Q5456";"tr";"And Dağları"
"Q5456";"de";"Anden"
"Q5456";"en";"Andes"
"Q5456";"en";"Andes mountain range"
"Q5456";"en";"Andes mountains"
"Q51";"en";"Antarctica"
"Q51";"fr";"Antarctique"
"Q51";"de";"Antarktika"
"Q51";"tr";"Antarktika"
"Q51";"tr";"Antarktika kıtası"
"Q51";"de";"Antarktis"
"Q51";"de";"antarktischer Kontinent"
"Q166131";"de";"Antillen"
"Q166131";"tr";"Antiller"
"Q166131";"fr";"Antilles"
"Q166131";"en";"Antilles"
"Q210682";"fr";"AOF"
"Q1070940";"fr";"APAC"
"Q170481";"de";"Apec"
"Q170481";"en";"APEC"
"Q170481";"tr";"APEC"
"Q170481";"ar";"APEC"
"Q7172";"en";"Arab League"
"Q28227";"en";"Arab Maghreb"
"Q34675";"en";"Arabian Gulf"
"Q34675";"de";"Arabisch-Persischer Golf"
"Q7172";"de";"Arabische Liga"
"Q34675";"tr";"Arabistan Körfezi"
"Q7172";"tr";"Arap Birliği"
"Q34675";"tr";"Arap Körfezi"
"Q166131";"fr";"archipel des Antilles"
"Q25322";"en";"Arctic"
"Q25322";"en";"Arctic Region"
"Q25322";"fr";"Arctique"
"Q25322";"tr";"Arktik"
"Q25322";"tr";"Arktika"
"Q25322";"de";"Arktis"
"Q25322";"de";"Arktisch"
"Q25322";"de";"Arktos"
"Q6583";"en";"aṣ-Ṣaḥrāʾ al-Kubrā"
"Q7768";"fr";"ASEAN"
"Q7768";"de";"ASEAN"
"Q7768";"en";"ASEAN"
"Q7768";"tr";"ASEAN"
"Q7768";"en";"ASEAN secretariat"
"Q48";"en";"Asia"
"Q776874";"de";"Asia Cooperation Dialogue"
"Q776874";"en";"Asia Cooperation Dialogue"
"Q12824780";"en";"Asia Minor"
"Q1070940";"en";"Asia Pacific"
"Q170481";"fr";"Asia Pacific Economic Cooperation"
"Q170481";"de";"Asia Pacific Economic Cooperation"
"Q1070940";"en";"Asia-Pacific"
"Q170481";"fr";"Asia-Pacific Economic Cooperation"
"Q170481";"en";"Asia-Pacific Economic Cooperation"
"Q1070940";"en";"Asia-Pacific Region"
"Q11708";"en";"Asia, Southeastern"
"Q48";"en";"Asian continent"
"Q60140";"en";"Asian subcontinent"
"Q12824780";"en";"Asian Turkey"
"Q170481";"de";"Asiatisch-Pazifische Wirtschaftsgemeinschaft"
"Q48";"fr";"Asie"
"Q48214";"fr";"Asie Antérieure"
"Q27275";"fr";"Asie centrale"
"Q27231";"fr";"Asie de l'Est"
"Q27293";"fr";"Asie de l'Ouest"
"Q771405";"fr";"Asie du Sud"
"Q11708";"fr";"Asie du Sud-Est"
"Q12824780";"fr";"Asie mineure"
"Q27231";"fr";"Asie orientale"
"Q1070940";"fr";"Asie pacifique"
"Q1070940";"fr";"Asie-Pacifique"
"Q48";"de";"Asien"
"Q1070940";"de";"Asien-Pazifik"
"Q170481";"de";"Asien-Pazifik-Forum"
"Q1147937";"fr";"Association des Etats de la Caraibe"
"Q1147937";"fr";"Association des États de la Caraïbe"
"Q2297691";"fr";"Association des États riverains de l'océan Indien"
"Q7768";"fr";"Association des nations de l'Asie du Sud-Est"
"Q1147937";"de";"Association of Caribbean States"
"Q1147937";"en";"Association of Caribbean States"
"Q7768";"en";"Association of South‐East Asian Nations"
"Q7768";"de";"Association of Southeast Asian Nations"
"Q7768";"en";"Association of Southeast Asian Nations"
"Q145700";"fr";"Association sud-asiatique pour la coopération régionale"
"Q48";"tr";"Asya"
"Q776874";"tr";"Asya Birliği"
"Q48";"tr";"Asya kıtası"
"Q170481";"tr";"Asya Pasifik Ekonomik İşbirliği"
"Q1070940";"tr";"Asya-Pasifik"
"Q170481";"tr";"Asya-Pasifik Ekonomik İşbirliği Forumu"
"Q97";"en";"Atlantic"
"Q97";"en";"Atlantic Ocean"
"Q97";"en";"Atlantic Sea"
"Q97";"de";"Atlantik"
"Q97";"fr";"Atlantique"
"Q97";"de";"Atlantischer Ozean"
"Q7184";"de";"Atlantisches Bündnis"
"Q97";"tr";"Atlas Okyanusu"
"Q7159";"fr";"AU"
"Q7159";"de";"AU"
"Q7159";"en";"AU"
"Q5401";"tr";"Avrasya"
"Q3935730";"tr";"Avrasya Askeri Statülü Kolluk Kuvvetleri Teşkilatı"
"Q4173083";"tr";"Avrasya Ekonomik Birliği"
"Q46";"tr";"Avrupa"
"Q458";"tr";"Avrupa Birliği"
"Q46";"tr";"Avrupa kıtası"
"Q8908";"tr";"Avrupa Konseyi"
"Q96053693";"en";"B-9"
"Q96053693";"en";"B9"
"Q32069506";"en";"BABS"
"Q32069506";"en";"BABS-initiativ"
"Q7779";"tr";"Bağımsız Devletler Topluluğu"
"Q23522";"en";"Balcans"
"Q23522";"de";"Balkan"
"Q23522";"en";"Balkan"
"Q23522";"en";"Balkan countries"
"Q23522";"en";"Balkan Peninisula"
"Q23522";"en";"Balkan peninsula"
"Q23522";"en";"Balkan penninsula"
"Q23522";"en";"Balkan Pennisula"
"Q23522";"en";"Balkan States"
"Q23522";"tr";"Balkan ülkeleri"
"Q23522";"tr";"Balkan yarımadası"
"Q23522";"de";"Balkanhalbinsel"
"Q23522";"fr";"Balkanique"
"Q23522";"tr";"Balkanlar"
"Q23522";"en";"Balkanoid"
"Q23522";"fr";"Balkans"
"Q23522";"en";"Balkans"
"Q23522";"en";"Balkans peninsula"
"Q23522";"de";"Balkanstaaten"
"Q23522";"en";"Balkins"
"Q34675";"tr";"Basra Korfezi"
"Q34675";"tr";"Basra Körfezi"
"Q4412";"tr";"Batı Afrika"
"Q193272";"tr";"Batı Afrika Ülkeleri Ekonomik Topluluğu"
"Q27496";"tr";"Batı Avrupa"
"Q795985";"en";"Bay of Bengal Initiative for Multi-Sectoral Technical and Economic Cooperation"
"Q795985";"fr";"Bay of Bengal Initiative for MultiSectoral Technical and Economic Cooperation"
"Q2655795";"en";"BIC"
"Q795985";"de";"Bimst"
"Q795985";"de";"BIMST-EC"
"Q795985";"fr";"BIMSTEC"
"Q795985";"de";"BIMSTEC"
"Q795985";"en";"BIMSTEC"
"Q132959";"en";"Black Africa"
"Q166";"en";"Black Sea"
"Q11523819";"tr";"Bölgesel Kapsamlı Ekonomik Ortaklık"
"Q7785";"en";"British Commonwealth"
"Q7785";"de";"British Commonwealth of Nations"
"Q7785";"en";"British Commonwealth of Nations"
"Q2655795";"en";"British–Irish Council"
"Q96053693";"en";"Bucharest Format"
"Q96053693";"en";"Bucharest Nine"
"Q96053693";"tr";"Bükreş Dokuzlusu"
"Q128011";"tr";"Büyük Antiller"
"Q98";"tr";"Büyük Okyanus"
"Q6583";"tr";"Büyük Sahra"
"Q664609";"fr";"Caraïbe"
"Q664609";"fr";"Caraïbes"
"Q664609";"en";"Caribbean"
"Q205995";"en";"Caribbean Community"
"Q205995";"tr";"Caribbean Community"
"Q205995";"ar";"Caribbean Community"
"Q205995";"de";"Caribbean Community and Common Market"
"Q205995";"en";"Caribbean Community and Common Market"
"Q205995";"en";"Caribbean Community Secretariat"
"Q664609";"en";"Caribbean region"
"Q93259";"en";"Caribbees"
"Q205995";"fr";"Caricom"
"Q205995";"de";"Caricom"
"Q205995";"en";"CARICOM"
"Q205995";"tr";"CARICOM"
"Q18869";"fr";"Caucase"
"Q18869";"en";"Caucasia"
"Q18869";"en";"Caucasus"
"Q193272";"fr";"CEAO"
"Q170481";"fr";"CÉAP"
"Q193272";"fr";"CEDEAO"
"Q193272";"de";"CEDEAO"
"Q193272";"en";"CEDEAO"
"Q193272";"fr";"Cédéao"
"Q900636";"de";"CEE"
"Q900636";"en";"CEE"
"Q900636";"en";"CEED Institute"
"Q7779";"fr";"CEI"
"Q1045401";"fr";"CELAC"
"Q1045401";"de";"CELAC"
"Q1045401";"en";"CELAC"
"Q27433";"en";"Central Africa"
"Q27611";"en";"Central America"
"Q190028";"en";"Central American Integration System"
"Q900636";"en";"Central and Eastern Europe"
"Q27275";"en";"Central Asia"
"Q27509";"en";"Central Europe"
"Q1286";"en";"Central European Alps"
"Q5451";"fr";"chaîne de l'Himalaya"
"Q25322";"en";"Circumpolar Arctic"
"Q7779";"en";"CIS"
"Q21195";"en";"Codanonia"
"Q21195";"en";"Codanovia"
"Q7785";"fr";"Commonwealth"
"Q7785";"de";"Commonwealth"
"Q7785";"en";"Commonwealth"
"Q7779";"en";"Commonwealth of Independent States"
"Q7785";"fr";"Commonwealth of Nations"
"Q7785";"de";"Commonwealth of Nations"
"Q7785";"en";"Commonwealth of Nations"
"Q205995";"fr";"Communauté caribéenne"
"Q337456";"fr";"Communaute d'Afrique de l'Est"
"Q337456";"fr";"communauté d'Afrique de l'Est"
"Q1045401";"fr";"communauté d'États latino-américains et caraïbes"
"Q337456";"fr";"Communauté d’Afrique de l’Est"
"Q205995";"fr";"Communauté des Caraïbes"
"Q7779";"fr";"communauté des États indépendants"
"Q193272";"fr";"Communauté économique des États d'Afrique de l'Ouest"
"Q193272";"fr";"communauté économique des États de l'Afrique de l'Ouest"
"Q193272";"en";"Communauté économique des États de l'Afrique de l'Ouest"
"Q4230";"fr";"Communauté sud-américaine de nations"
"Q4230";"fr";"Communaute sud-americaine des nations"
"Q4230";"fr";"Communauté Sud-américaine Des Nations"
"Q1045401";"en";"Community of Latin American and Caribbean States"
"Q1045401";"de";"Comunidad de Estados Latinoamericanos y Caribeños"
"Q4230";"fr";"Comunidad Sudamericana de Naciones"
"Q4230";"de";"Comunidad Sudamericana de Naciones"
"Q4230";"en";"Comunidad Sudamericana de Naciones"
"Q2655795";"fr";"Conseil britannico-irlandais"
"Q217172";"fr";"Conseil de coopération des États arabes du Golfe"
"Q217172";"fr";"Conseil de cooperation du Golfe"
"Q217172";"fr";"Conseil de coopération du Golfe"
"Q8908";"fr";"Conseil de l'Europe"
"Q146165";"fr";"Conseil nordique"
"Q1642145";"fr";"Conseil nordique occidental"
"Q596850";"fr";"Conseil turcique"
"Q51";"fr";"continent austral"
"Q51";"fr";"continent blanc"
"Q46";"fr";"continent européen"
"Q217172";"en";"Cooperation Council for the Arab States of the Gulf"
"Q170481";"fr";"Coopération Économique Asie Pacifique"
"Q170481";"fr";"Coopération économique Asie-Pacifique"
"Q170481";"fr";"Coopération économique de la zone Asie-Pacifique"
"Q170481";"fr";"Cooperation economique pour l'Asie-Pacifique"
"Q170481";"fr";"Coopération économique pour l'Asie-Pacifique"
"Q170481";"fr";"Coopération économique pour l’Asie-Pacifique"
"Q5456";"fr";"cordillère des Andes"
"Q8908";"en";"Council of Europe"
"Q2655795";"en";"Council of the Isles"
"Q20036753";"en";"Craiova Group"
"Q20036753";"tr";"Craiova Grubu"
"Q4230";"fr";"CSAN"
"Q4230";"fr";"Déclaration de Cuzco"
"Q326816";"tr";"Demokrasi ve ekonomik kalkınma için guam örgütü"
"Q6583";"fr";"désert du Sahara"
"Q776874";"fr";"Dialogue pour la coopération asiatique"
"Q46";"de";"Die alte Welt"
"Q27407";"tr";"Doğu Afrika"
"Q337456";"tr";"Doğu Afrika Topluluğu"
"Q27231";"tr";"Doğu Asya"
"Q27468";"tr";"Doğu Avrupa"
"Q45341";"tr";"Doğu Çin Denizi"
"Q35942";"tr";"Doğu Polinezya"
"Q45341";"de";"Dong Hai"
"Q32069506";"de";"Drei-Meere-Initiative"
"Q458";"en";"E.U."
"Q337456";"en";"EAC"
"Q4173083";"en";"EAEU"
"Q27407";"en";"East Africa"
"Q337456";"fr";"East african community"
"Q337456";"de";"East African Community"
"Q337456";"en";"East African Community"
"Q27231";"en";"East Asia"
"Q45341";"en";"East China Sea"
"Q37660";"en";"East Sea"
"Q45341";"en";"East Sea"
"Q16389571";"en";"East-Central Europe"
"Q27407";"en";"Eastern Africa"
"Q27231";"en";"Eastern Asia"
"Q45341";"en";"Eastern China Sea"
"Q27468";"en";"Eastern Europe"
"Q1239";"en";"Eastern Ocean"
"Q1239";"en";"Eastern Sea"
"Q45341";"en";"Eastern Sea"
"Q4173083";"en";"EAU"
"Q225950";"tr";"ECO"
"Q225950";"en";"ECO (Economic Cooperation Organization)"
"Q193272";"de";"Economic Community of West African States"
"Q193272";"en";"Economic Community of West African States"
"Q225950";"en";"Economic Cooperation Organization"
"Q193272";"fr";"ECOWAS"
"Q193272";"de";"ECOWAS"
"Q193272";"en";"ECOWAS"
"Q193272";"tr";"ECOWAS"
"Q5456";"en";"Ecuadorian Andes"
"Q4173083";"en";"EEU"
"Q225950";"tr";"EİÖ"
"Q225950";"tr";"Ekonomik İşbirliği Örgütü"
"Q664609";"fr";"espace caraïbe"
"Q664609";"fr";"espace des Caraïbes"
"Q2271241";"fr";"Établissement public d'aménagement Euroméditerranée"
"Q458";"de";"EU"
"Q458";"en";"EU"
"Q5401";"en";"Eurasia"
"Q4173083";"en";"Eurasian Economic Union"
"Q4173083";"en";"Eurasian Union"
"Q5401";"fr";"Eurasie"
"Q5401";"de";"Eurasien"
"Q4173083";"de";"Eurasische Wirtschaftsunion"
"Q5401";"en";"Euroasia"
"Q2271241";"fr";"Euromediterranee"
"Q2271241";"en";"Euromediterranee"
"Q2271241";"fr";"Euroméditerranée"
"Q2271241";"de";"Euroméditerranée"
"Q2271241";"en";"Euroméditerranée"
"Q2271241";"de";"Euromediterrannée"
"Q46";"de";"Europa"
"Q458";"de";"Europäische Union"
"Q46";"de";"Europäischer Kontinent"
"Q8908";"de";"Europarat"
"Q46";"fr";"Europe"
"Q46";"en";"Europe"
"Q27509";"fr";"Europe centrale"
"Q900636";"fr";"Europe centrale et orientale"
"Q27468";"fr";"Europe de l'Est"
"Q27496";"fr";"Europe de l'Ouest"
"Q27479";"fr";"Europe du Nord"
"Q27449";"fr";"Europe du Sud"
"Q263686";"fr";"Europe du Sud-Est"
"Q16389571";"fr";"Europe médiane"
"Q27496";"fr";"Europe occidentale"
"Q27468";"fr";"Europe oriental"
"Q27449";"en";"Europe, Southern"
"Q1286";"en";"European Alps"
"Q46";"en";"European continent"
"Q458";"en";"European Union"
"Q166";"en";"Euxine"
"Q34675";"tr";"Fars Körfezi"
"Q5463";"de";"Felsengebirge"
"Q1918937";"fr";"Fer de lance (diplomatie)"
"Q62005941";"de";"Foro para el Progreso y Desarrollo de América del Sur"
"Q62005941";"en";"Foro para el Progreso y Desarrollo de América Latina"
"Q170481";"fr";"Forum de coopération économique Asie-Pacifique"
"Q757276";"fr";"Forum des iles du Pacifique"
"Q757276";"fr";"Forum des îles du Pacifique"
"Q62005941";"en";"Forum for the Progress and Development of Latin America"
"Q62005941";"de";"Fórum para o Progresso e Desenvolvimento da América do Sul"
"Q62005941";"en";"Fórum para o Progresso e Desenvolvimento da América do Sul"
"Q62005941";"fr";"Forum pour le progrès et le développement sud"
"Q210682";"tr";"Fransız Batı Afrikası"
"Q210682";"de";"Französisch Westafrika"
"Q210682";"de";"Französisch-Westafrika"
"Q210682";"en";"French West Africa"
"Q4230";"tr";"GAUT"
"Q217172";"en";"GCC"
"Q4264";"de";"Gemeinsamer Markt Südamerikas"
"Q1045401";"de";"Gemeinschaft der Lateinamerikanischen und Karibischen Staaten"
"Q205995";"de";"Gemeinschaft Karibischer Staaten"
"Q7779";"de";"Gemeinschaft Unabhängiger Staaten"
"Q326816";"fr";"Géorgie Ukraine Azerbaïdjan Moldavie"
"Q1918937";"de";"GFLM"
"Q34675";"de";"Golf von Iran"
"Q217172";"de";"Golf-Kooperations-Rat"
"Q217172";"de";"Golf-Kooperationsrat"
"Q34675";"fr";"Golfe de l'Iran"
"Q34675";"fr";"Golfe de l’Iran"
"Q34675";"fr";"golfe Persique"
"Q217172";"de";"Golfkooperationsrat"
"Q217172";"de";"Golfrat"
"Q34675";"de";"Golfregion"
"Q217172";"de";"Golfstaaten"
"Q28227";"fr";"Grand Maghreb"
"Q128011";"fr";"Grandes Antilles"
"Q97";"en";"Great Western Ocean"
"Q128011";"en";"Greater Antilles"
"Q128011";"de";"Grosse Antillen"
"Q128011";"de";"Große Antillen"
"Q98";"de";"Großer Ozean"
"Q244323";"fr";"Groupe de Visegrad"
"Q244323";"fr";"groupe de Visegrád"
"Q3117794";"fr";"Groupe des dirigeants polynésiens"
"Q1918937";"fr";"Groupe melanesien Fer de lance"
"Q1918937";"fr";"Groupe mélanésien Fer de lance"
"Q1918937";"fr";"Groupe mélanésien fer de lance"
"Q1918937";"fr";"Groupe Mélanésien Fer De Lance"
"Q326816";"fr";"GUAM"
"Q326816";"de";"GUAM"
"Q326816";"ar";"GUAM"
"Q326816";"tr";"GUAM Demokrasi ve ekonomik gelişme için organizasyon"
"Q326816";"tr";"GUAM Demokrasi ve Ekonomik Kalkınma Örgütü"
"Q326816";"en";"GUAM Organization for Democracy and Economic Development"
"Q326816";"ar";"GUAM Organization for Democracy and Economic Development"
"Q217172";"fr";"Gulf Cooperation Council"
"Q217172";"en";"Gulf Cooperation Council"
"Q34675";"en";"Gulf of Iran"
"Q27394";"tr";"Güney Afrika"
"Q18";"tr";"Güney Amerika"
"Q18";"tr";"Güney Amerika kıtası"
"Q4230";"tr";"Güney amerika uluslar topluluğu"
"Q771405";"tr";"Güney Asya"
"Q145700";"tr";"Güney Asya Bölgesel İşbirliği Teşkilatı"
"Q27449";"tr";"Güney Avrupa"
"Q37660";"tr";"Güney Çin Denizi"
"Q27293";"tr";"Güneybatı Asya"
"Q11708";"tr";"Güneydoğu Asya"
"Q263686";"tr";"Güneydoğu Avrupa"
"Q23522";"tr";"Güneydoğu Avrupa"
"Q7779";"de";"GUS"
"Q326816";"fr";"GUUAM"
"Q326816";"de";"GUUAM"
"Q23522";"en";"Haemus Peninsula"
"Q25322";"en";"High North"
"Q5451";"de";"Himalaja"
"Q5451";"fr";"Himalaya"
"Q5451";"de";"Himalaya"
"Q5451";"en";"Himalaya"
"Q5451";"tr";"Himalaya Dağları"
"Q5451";"en";"Himalaya Mountains"
"Q5451";"en";"Himalayan Mountains"
"Q5451";"en";"Himalayas"
"Q60140";"fr";"hindoustan"
"Q60140";"tr";"Hint altkıtası"
"Q1239";"tr";"Hint Okyanusu"
"Q25322";"de";"Hoher Norden"
"Q12585";"de";"Iberoamerika"
"Q166131";"fr";"Iles des Caraïbes"
"Q32069506";"fr";"IMBAMN"
"Q1239";"en";"Indian Ocean"
"Q2297691";"en";"Indian Ocean Rim Association"
"Q2297691";"en";"Indian Ocean Rim Association for Regional Cooperation"
"Q2297691";"en";"Indian Ocean Rim Initiative"
"Q60140";"en";"Indian subcontinent"
"Q60140";"en";"Indian Subcontinent"
"Q145700";"en";"Indian Subcontinent"
"Q2297691";"en";"Indian-Ocean Rim Association"
"Q1239";"de";"Indik"
"Q1239";"de";"Indischer Ozean"
"Q60140";"de";"indischer Subkontinent"
"Q60140";"fr";"indo-pakistanais"
"Q1239";"de";"Indonesischer Ozean"
"Q7785";"tr";"İngiliz Milletler Topluluğu"
"Q32069506";"fr";"Initiative des mers Baltique, Adriatique et de la mer Noire"
"Q32069506";"fr";"Initiative des trois mers"
"Q538";"en";"Insular Oceania"
"Q2297691";"de";"IOR-ARC"
"Q2297691";"en";"IOR-ARC"
"Q2297691";"en";"IORA"
"Q34675";"tr";"İran Körfezi"
"Q21195";"tr";"İskandinav"
"Q146165";"tr";"İskandinav Kurulu"
"Q21195";"tr";"İskandinav ülkeleri"
"Q21195";"tr";"İskandinavya"
"Q18869";"tr";"Kafkas"
"Q18869";"tr";"Kafkasistan"
"Q18869";"tr";"Kafkaslar"
"Q18869";"tr";"Kafkasya"
"Q166";"tr";"Karadeniz"
"Q205995";"tr";"Karayip Ortak Pazarı"
"Q205995";"tr";"Karayip Topluluğu"
"Q664609";"tr";"Karayipler"
"Q664609";"de";"Karibik"
"Q205995";"de";"Karibische Gemeinschaft"
"Q18869";"de";"Kaukasus"
"Q1642145";"de";"Kinder- und Jugendbuchpreis des Westnordischen Rates"
"Q12824780";"de";"Kleinasien"
"Q93259";"de";"Kleine Antillen"
"Q217172";"tr";"Körfez Arap Ülkelerinin İşbirliği Konseyi"
"Q217172";"tr";"Körfez Ülkelerinin İşbirliği Meclisi"
"Q93259";"tr";"Küçük Antiller"
"Q12824780";"tr";"Küçük Asya"
"Q27381";"tr";"Kuzey Afrika"
"Q49";"tr";"Kuzey Amerika"
"Q49";"tr";"Kuzey Amerika kıtası"
"Q7184";"tr";"Kuzey Atlantik Antlaşması Örgütü"
"Q27479";"tr";"Kuzey Avrupa"
"Q7172";"de";"LAS"
"Q12585";"en";"LatAm"
"Q12585";"de";"Latein-Amerika"
"Q12585";"de";"Latein-Amerikaner"
"Q12585";"de";"Lateinamerika"
"Q499151";"de";"Lateinamerika-Parlament"
"Q12585";"de";"Lateinamerikaner"
"Q12585";"en";"Latin America"
"Q499151";"en";"Latin American Parliament"
"Q12585";"tr";"Latin Amerika"
"Q1045401";"tr";"Latin Amerika ve Karayip Devletleri Topluluğu"
"Q7172";"en";"League of Arab States"
"Q828";"fr";"les Amériques"
"Q166131";"fr";"Les Antilles"
"Q23522";"fr";"Les balkans"
"Q93259";"en";"Lesser Antilles"
"Q7172";"de";"Liga der arabischen Staaten"
"Q7172";"fr";"Ligue arabe"
"Q97994672";"en";"Lublin Triangle"
"Q97994672";"tr";"Lublin Üçgeni"
"Q97994672";"de";"Lublin-Dreieck"
"Q503282";"fr";"Machrek"
"Q503282";"fr";"Machreq"
"Q28227";"fr";"Maghreb"
"Q28227";"de";"Maghreb"
"Q28227";"en";"Maghreb"
"Q28227";"fr";"Maghreb arabe"
"Q28227";"de";"Maghreb-Länder"
"Q28227";"fr";"Maghrébines"
"Q28227";"de";"Maghrebländer"
"Q28227";"de";"Maghrebstaaten"
"Q28227";"de";"Maghrib"
"Q28227";"de";"Magreb"
"Q28227";"tr";"Magrip"
"Q28227";"tr";"Mağrip"
"Q205995";"fr";"Marché commun des Caraïbes"
"Q4264";"fr";"marché commun du Sud"
"Q503282";"de";"Maschrek"
"Q503282";"de";"Maschrik"
"Q503282";"de";"Maschriq"
"Q503282";"fr";"Mashrek"
"Q503282";"de";"Mashrek"
"Q503282";"fr";"Mashreq"
"Q503282";"de";"Mashreq"
"Q503282";"en";"Mashriq"
"Q503282";"tr";"Maşrek"
"Q4918";"en";"Mediterranean Sea"
"Q4918";"fr";"Méditerranée"
"Q37394";"en";"Melanesia"
"Q1918937";"de";"Melanesian Spearhead Group"
"Q1918937";"en";"Melanesian Spearhead Group"
"Q37394";"fr";"Melanesie"
"Q37394";"fr";"Mélanésie"
"Q37394";"de";"Melanesien"
"Q37394";"fr";"Mélanésien"
"Q37394";"fr";"Mélanésienne"
"Q37394";"fr";"Mélanésiens"
"Q37394";"de";"Melanesisch"
"Q37394";"tr";"Melanezya"
"Q1918937";"tr";"Melanezya Mızrak Ucu Grubu"
"Q45341";"fr";"Mer de Chine de l'Est"
"Q37660";"fr";"Mer de Chine du Sud"
"Q37660";"fr";"Mer de Chine meridionale"
"Q37660";"fr";"mer de Chine méridionale"
"Q45341";"fr";"mer de Chine orientale"
"Q37660";"fr";"Mer de Sud-Est Asiatique"
"Q4918";"fr";"mer Méditerranée"
"Q166";"fr";"mer Noire"
"Q4264";"de";"Mercosul"
"Q4264";"en";"Mercosul"
"Q4264";"fr";"Mercosur"
"Q4264";"de";"Mercosur"
"Q4264";"en";"Mercosur"
"Q4264";"tr";"MERCOSUR"
"Q3359409";"en";"Micronesia"
"Q3359409";"fr";"Micronésie"
"Q7204";"en";"Mid East"
"Q7204";"en";"Middle East"
"Q7204";"en";"Middle East, Mideast"
"Q3359409";"de";"Mikronesien"
"Q3359409";"tr";"Mikronezya"
"Q900636";"de";"Mittel- und Osteuropa"
"Q27275";"de";"Mittelasien"
"Q27509";"de";"Mitteleuropa"
"Q4918";"de";"Mittelländisches Meer"
"Q4918";"de";"Mittelmeer"
"Q7204";"de";"Mittlerer Osten"
"Q900636";"de";"MOEL"
"Q60140";"fr";"monde indien"
"Q5463";"fr";"montagnes Rocheuses"
"Q7204";"fr";"Moyen-Orient"
"Q48214";"de";"Naher Osten"
"Q7204";"de";"Nahost"
"Q37660";"de";"Nan Hai"
"Q7184";"fr";"NATO"
"Q7184";"de";"NATO"
"Q7184";"en";"NATO"
"Q7184";"tr";"NATO"
"Q7204";"en";"Near East"
"Q48214";"en";"Near East"
"Q48214";"tr";"Near East"
"Q132959";"en";"Negro Africa"
"Q4264";"en";"Ñemby Ñemuha"
"Q828";"de";"Neue Welt"
"Q828";"en";"New World"
"Q27381";"de";"Nordafrika"
"Q49";"de";"Nordamerika"
"Q2017699";"de";"Nordamerika"
"Q7184";"de";"Nordatlantikpakt-Organisation"
"Q27479";"de";"Nordeuropa"
"Q146165";"en";"Nordic Council"
"Q146165";"de";"Nordischer Rat"
"Q27381";"en";"North Africa"
"Q49";"en";"North America"
"Q7184";"en";"North Atlantic Alliance"
"Q7184";"en";"North Atlantic Treaty Organisation"
"Q7184";"de";"North Atlantic Treaty Organization"
"Q7184";"en";"North Atlantic Treaty Organization"
"Q25322";"en";"North frigid zone"
"Q27381";"en";"Northern Africa"
"Q2017699";"en";"Northern America"
"Q27479";"en";"Northern Europe"
"Q123759";"en";"OAS"
"Q97";"fr";"océan Atlantique"
"Q1239";"fr";"océan Indien"
"Q98";"fr";"océan Pacifique"
"Q538";"fr";"Océanie"
"Q1239";"de";"Oceanus indicus"
"Q123759";"fr";"OEA"
"Q538";"tr";"Okyanusya"
"Q46";"en";"Old continent"
"Q123759";"de";"Organisation Amerikanischer Staaten"
"Q485207";"fr";"Organisation de cooperation de Shanghai"
"Q485207";"fr";"Organisation de coopération de Shanghai"
"Q485207";"fr";"Organisation de Coopération de Shanghaï"
"Q225950";"fr";"Organisation de coopération économique"
"Q123759";"fr";"Organisation des Etats americains"
"Q123759";"fr";"Organisation des Etats américains"
"Q123759";"fr";"Organisation des États américains"
"Q123759";"fr";"Organisation des États Américains"
"Q7184";"de";"Organisation des Nordatlantikvertrags"
"Q7184";"fr";"Organisation du traité de l'Atlantique Nord"
"Q225950";"de";"Organisation für wirtschaftliche Zusammenarbeit"
"Q123759";"de";"Organization of American States"
"Q123759";"en";"Organization of American States"
"Q3935730";"en";"Organization of the Eurasian Law Enforcement Agencies with Military Status"
"Q27433";"tr";"Orta Afrika"
"Q27611";"tr";"Orta Amerika"
"Q190028";"tr";"Orta Amerika Ortak Pazarı"
"Q27275";"tr";"Orta Asya"
"Q27509";"tr";"Orta Avrupa"
"Q7204";"tr";"Orta Doğu"
"Q27407";"de";"Ostafrika"
"Q337456";"de";"Ostafrikanische Gemeinschaft"
"Q337456";"de";"Ostafrikanische Union"
"Q27231";"de";"Ostasien"
"Q45341";"de";"Ostchinesisches Meer"
"Q32069506";"en";"Østersøen, Adriaterhavet, Sortehavet nitiativ"
"Q27468";"de";"Osteuropa"
"Q16389571";"de";"Ostmitteleuropa"
"Q7184";"fr";"OTAN"
"Q7184";"de";"OTAN"
"Q4412";"fr";"Ouest-africain"
"Q538";"de";"Ozeanien"
"Q98";"en";"Pacific"
"Q538";"en";"Pacific Islands"
"Q757276";"de";"Pacific Islands Forum"
"Q757276";"en";"Pacific Islands Forum"
"Q98";"en";"Pacific Ocean"
"Q98";"en";"Pacific Sea"
"Q98";"fr";"Pacifique"
"Q499151";"de";"Parlamento Latino-americano"
"Q499151";"de";"Parlamento Latinoamericano"
"Q499151";"fr";"Parlatino"
"Q499151";"de";"Parlatino"
"Q499151";"fr";"Parlement latino-americain"
"Q499151";"fr";"Parlement latino-américain"
"Q11523819";"fr";"Partenariat économique régional global"
"Q757276";"tr";"Pasifik Adaları Forumu"
"Q28227";"fr";"pays du Maghreb"
"Q21195";"fr";"Pays scandinave"
"Q21195";"fr";"Pays scandinaves"
"Q98";"de";"Pazifik"
"Q98";"de";"Pazifischer Ozean"
"Q23522";"en";"Peninsula of Haemus"
"Q23522";"fr";"Péninsule balkanique"
"Q23522";"fr";"Péninsule des Balkans"
"Q34675";"tr";"Pers Körfezi"
"Q34675";"en";"Persian Gulf"
"Q34675";"tr";"Persian Gulf"
"Q34675";"de";"Persischer Golf"
"Q28227";"fr";"Petit Maghreb"
"Q93259";"fr";"Petites Antilles"
"Q757276";"en";"PIF"
"Q3117794";"en";"PLG"
"Q35942";"tr";"Polinezya"
"Q35942";"tr";"Polinezya Adaları"
"Q35942";"en";"Polynesia"
"Q3117794";"en";"Polynesian Leaders Group"
"Q35942";"en";"Polynesian Triangle"
"Q35942";"fr";"Polynesie"
"Q35942";"fr";"Polynésie"
"Q35942";"de";"Polynesien"
"Q35942";"fr";"Polynésiens"
"Q166";"fr";"Pont Euxin"
"Q48214";"fr";"Proche Orient"
"Q48214";"fr";"Proche-Orient"
"Q62005941";"fr";"Prosur"
"Q62005941";"de";"Prosur"
"Q62005941";"en";"Prosur"
"Q11523819";"de";"RCEP"
"Q11523819";"en";"RCEP"
"Q11523819";"de";"Regional Comprehensive Economic Partnership"
"Q11523819";"en";"Regional Comprehensive Economic Partnership"
"Q25322";"fr";"Régions arctiques"
"Q5463";"fr";"Rocheuses"
"Q5463";"de";"Rockies"
"Q5463";"en";"Rockies"
"Q5463";"tr";"Rocky Dağları"
"Q5463";"de";"Rocky Mountains"
"Q5463";"en";"Rocky Mountains"
"Q145700";"de";"SAARC"
"Q145700";"en";"SAARC"
"Q145700";"en";"saarc"
"Q4230";"en";"SACN"
"Q6583";"fr";"Sahara"
"Q6583";"de";"Sahara"
"Q6583";"en";"Sahara"
"Q66065";"fr";"Sahel"
"Q66065";"en";"Sahel"
"Q66065";"tr";"Sahel"
"Q66065";"fr";"Sahel africain"
"Q66065";"de";"Sahel-Zone"
"Q66065";"de";"Sahelzone"
"Q6583";"tr";"Sahra"
"Q132959";"tr";"Sahraaltı Afrika"
"Q132959";"tr";"Sahraaltı Afrikası"
"Q485207";"tr";"Şangay beşlisi"
"Q485207";"tr";"Şangay İşbirliği Örgütü"
"Q485207";"tr";"Şanghay Beşlisi"
"Q485207";"tr";"Şanghay İşbirliği Örgütü"
"Q21195";"en";"Scadan"
"Q21195";"en";"Scadanan"
"Q21195";"en";"Scadinavia"
"Q21195";"en";"Scandanan"
"Q21195";"en";"Scandenavia"
"Q21195";"fr";"Scandinavia"
"Q21195";"de";"Scandinavia"
"Q21195";"en";"Scandinavia"
"Q21195";"en";"Scandinavian civilization"
"Q21195";"en";"Scandinavian countries"
"Q21195";"fr";"Scandinavie"
"Q21195";"fr";"Scandinavien"
"Q21195";"fr";"Scandinavienne"
"Q21195";"en";"Scatenauge"
"Q21195";"en";"Scatinavia"
"Q21195";"en";"Scedeland"
"Q21195";"en";"Scedenigge"
"Q485207";"de";"Schanghai-Gruppe"
"Q485207";"de";"Schanghaier Organisation für Kooperation"
"Q485207";"de";"Schanghaier Organisation für Zusammenarbeit"
"Q132959";"de";"Schwarzafrika"
"Q166";"de";"Schwarzes Meer"
"Q485207";"en";"SCO"
"Q485207";"tr";"SCO"
"Q11708";"en";"SE Asia"
"Q485207";"de";"Shanghai Cooperation Organisation"
"Q485207";"en";"Shanghai Cooperation Organisation"
"Q485207";"tr";"Shanghai Cooperation Organisation"
"Q485207";"de";"Shanghai Cooperation Organization"
"Q485207";"tr";"Shanghai Ekonomik İşbirliği Örgütü"
"Q485207";"de";"Shanghai Five"
"Q485207";"tr";"Shanghai İşbirliği Örgütü"
"Q485207";"de";"Shanghai Organisation für Kooperation"
"Q485207";"de";"Shanghai Sechs"
"Q485207";"de";"Shanghai-Gruppe"
"Q485207";"de";"Shanghai-Organisation"
"Q485207";"de";"Shanghaier Organisation für Kooperation"
"Q485207";"de";"Shanghaier Organisation für Zusammenarbeit"
"Q485207";"de";"Shanghaier Rat"
"Q190028";"en";"SICA"
"Q485207";"tr";"ŞİÖ"
"Q190028";"en";"Sistema de la Integración Centroamericana"
"Q21195";"en";"Skandenavia"
"Q21195";"en";"Skandinavia"
"Q21195";"en";"Skandinavía"
"Q21195";"de";"Skandinavien"
"Q21195";"en";"Skandinavien"
"Q21195";"de";"Skandinavier"
"Q21195";"en";"Skanör"
"Q60140";"fr";"sous-continent indien"
"Q18";"en";"South America"
"Q4230";"en";"South America Union"
"Q4230";"en";"South American Community"
"Q4230";"en";"South American Community of Nations"
"Q4230";"en";"South American Free Trade Area"
"Q4230";"en";"South American Union of Nations"
"Q771405";"en";"South Asia"
"Q145700";"en";"South Asia"
"Q145700";"de";"South Asian Association for Regional Cooperation"
"Q145700";"en";"South Asian Association for Regional Cooperation"
"Q60140";"en";"South Asian subcontinent"
"Q23522";"en";"South Balkan area"
"Q37660";"fr";"South China Sea"
"Q37660";"de";"South China Sea"
"Q37660";"en";"South China Sea"
"Q11708";"en";"South East Asia"
"Q37660";"en";"South East Asia Sea"
"Q757276";"de";"South Pacific Forum"
"Q757276";"en";"South Pacific Forum"
"Q37660";"en";"South Sea"
"Q11708";"en";"South-east Asia"
"Q11708";"en";"Southeast Asia"
"Q263686";"en";"Southeast Europe"
"Q11708";"en";"Southeastern Asia"
"Q263686";"en";"southeastern Europe"
"Q27394";"en";"Southern Africa"
"Q771405";"en";"Southern Asia"
"Q4264";"en";"Southern Common Market"
"Q4264";"en";"Southern Cone Common Market"
"Q27449";"en";"Southern Europe"
"Q27293";"en";"Southwest Asia"
"Q27293";"en";"Southwestern Asia"
"Q757276";"en";"SPF"
"Q98";"de";"Stiller Ozean"
"Q132959";"en";"Sub-Saharan Africa"
"Q132959";"en";"sub-Saharan Africa"
"Q132959";"de";"Subsahara-Afrika"
"Q60140";"fr";"sud de l'Asie"
"Q18";"de";"Süd-Amerika"
"Q11708";"fr";"Sud-Est asiatique"
"Q11708";"de";"Süd-Ost-Asien"
"Q27394";"de";"Südafrika"
"Q18";"de";"Südamerika"
"Q4230";"de";"Südamerikanische Staatengemeinschaft"
"Q4230";"de";"Südamerikanische Union"
"Q145700";"de";"Südasiatische Vereinigung für regionale Kooperation"
"Q145700";"de";"Südasiatische Wirtschaftsgemeinschaft"
"Q771405";"de";"Südasien"
"Q37660";"de";"Südchinesische See"
"Q37660";"de";"Südchinesisches Meer"
"Q27449";"de";"Südeuropa"
"Q51";"de";"Südkontinent"
"Q27394";"de";"Südliches Afrika"
"Q11708";"de";"Südostasien"
"Q263686";"de";"Südosteuropa"
"Q11708";"de";"Südöstliches Asien"
"Q34675";"tr";"Suudi Arabistan Körfezi"
"Q190028";"fr";"système d'intégration centraméricain"
"Q190028";"fr";"Système d'Intégration Centre-Américaine"
"Q190028";"fr";"Système d’intégration centre-américain"
"Q3935730";"fr";"TAKM"
"Q3935730";"de";"TAKM"
"Q3935730";"en";"TAKM"
"Q3935730";"tr";"TAKM"
"Q13231715";"en";"TCS"
"Q7159";"en";"The African Union"
"Q828";"en";"the Americas"
"Q25322";"en";"the Arctic"
"Q97";"en";"The Atlantic"
"Q23522";"en";"The Balkans"
"Q664609";"en";"The Caribbean"
"Q7785";"en";"the Commonwealth"
"Q34675";"en";"The Gulf"
"Q5451";"en";"The Himalayas"
"Q4918";"en";"The Mediterranean"
"Q4918";"en";"the Mediterranean Sea"
"Q146165";"en";"The Nordic Council"
"Q98";"en";"The Pacific"
"Q5463";"en";"The Rockies"
"Q6583";"en";"The Sahara"
"Q32069506";"en";"Three Seas Initiative"
"Q97994672";"fr";"Triangle de Lublin"
"Q35942";"fr";"Triangle polynésien"
"Q13231715";"en";"Trilateral Cooperation Secretariat"
"Q32069506";"fr";"Trimarium"
"Q32069506";"de";"Trimarium"
"Q32069506";"en";"Trimarium"
"Q596850";"tr";"Türk Keneşi"
"Q596850";"de";"Türk Konseyi"
"Q596850";"tr";"Türk Konseyi"
"Q596850";"en";"Turkic Council"
"Q596850";"de";"Türkischer Rat"
"Q596850";"en";"Turkish Council"
"Q828";"en";"Turtle Island"
"Q7159";"fr";"UA"
"Q7159";"de";"UA"
"Q7159";"en";"UA"
"Q458";"fr";"UE"
"Q4230";"de";"Unasul"
"Q4230";"en";"Unasul"
"Q4230";"fr";"UNASUR"
"Q4230";"de";"UNASUR"
"Q4230";"en";"UNASUR"
"Q4230";"tr";"UNASUR"
"Q4230";"ar";"UNASUR"
"Q4230";"de";"Uniao das Nacoes Sul-Americanas"
"Q4230";"de";"União das Nações Sul-Americanas"
"Q4230";"en";"União de Nações Sul-Americanas"
"Q4230";"de";"Unie van Zuid-Amerikaanse Naties"
"Q7159";"fr";"Union africaine"
"Q7159";"de";"Union africaine"
"Q7159";"en";"Union africaine"
"Q4230";"de";"Union de Naciones del Sur"
"Q4230";"de";"Unión de Naciones del Sur"
"Q4230";"de";"Union de Naciones Suramericanas"
"Q4230";"de";"Unión de Naciones Suramericanas"
"Q4230";"fr";"Union des nations sud-américaines"
"Q4173083";"fr";"Union économique eurasiatique"
"Q458";"fr";"Union européenne"
"Q4230";"de";"Union of South American Nations"
"Q4230";"en";"Union of South American Nations"
"Q4230";"en";"Union of South American Republics"
"Q4230";"de";"Union Südamerikanischer Nationen"
"Q4230";"en";"USAN"
"Q244323";"de";"V4"
"Q244323";"en";"V4"
"Q244323";"ar";"V4"
"Q7768";"de";"Verband Südostasiatischer Nationen"
"Q46";"fr";"Vieux Continent"
"Q244323";"en";"Visegrad Four"
"Q244323";"en";"Visegrad Group"
"Q244323";"en";"Visegrád Group"
"Q244323";"tr";"Vişegrad Grubu"
"Q244323";"de";"Visegrad-Abkommen"
"Q244323";"de";"Visegrád-Abkommen"
"Q244323";"de";"Visegrad-Gruppe"
"Q244323";"de";"Visegrád-Gruppe"
"Q244323";"de";"Visegrad-Staaten"
"Q244323";"de";"Visegrád-Staaten"
"Q27293";"de";"Vorderasien"
"Q48214";"de";"Vorderasien"
"Q7204";"de";"Vorderer Orient"
"Q4412";"en";"West Africa"
"Q27293";"en";"West Asia"
"Q7204";"en";"West Asia"
"Q27496";"en";"West Europe"
"Q1642145";"en";"West Nordic Council"
"Q37660";"en";"West Philippine Sea"
"Q4412";"de";"Westafrika"
"Q193272";"de";"Westafrikanische Gemeinschaft"
"Q193272";"de";"Westafrikanische Wirtschaftsgemeinschaft"
"Q27293";"de";"Westasien"
"Q4412";"en";"Western Africa"
"Q27293";"en";"Western Asia"
"Q7204";"en";"Western Asia"
"Q27496";"en";"Western Europe"
"Q27496";"de";"Westeuropa"
"Q4412";"de";"Westliches Afrika"
"Q1642145";"de";"Westnordischer Rat"
"Q193272";"de";"Wirtschaftsgemeinschaft der westafrikanischen Staaten"
"Q193272";"de";"Wirtschaftsgemeinschaft westafrikanischer Staaten"
"Q48214";"tr";"Yakın Doğu"
"Q48214";"tr";"Yakındoğu"
"Q27433";"de";"Zentralafrika"
"Q27611";"de";"Zentralamerika"
"Q190028";"de";"Zentralamerikanisches Integrationssystem"
"Q27275";"de";"Zentralasien"
"Q27509";"de";"Zentraleuropa"
"Q48";"ar";"آسيا"
"Q771405";"ar";"آسيا الجنوبية"
"Q12824780";"ar";"آسيا الصغرى"
"Q27293";"ar";"آسيا الغربية"
"Q27275";"ar";"آسيا الوسطى"
"Q1070940";"ar";"آسيا والمحيط الهادئ"
"Q7768";"ar";"أسيان"
"Q458";"ar";"أعضاء الاتحاد الأوروبي"
"Q15";"ar";"أفريقيا"
"Q27394";"ar";"أفريقيا الجنوبية"
"Q27394";"ar";"أفريقيا الجنوبيه"
"Q132959";"ar";"أفريقيا السوداء"
"Q27381";"ar";"أفريقيا الشمالية"
"Q4412";"ar";"أفريقيا الغربية"
"Q132959";"ar";"أفريقيا جنوب الصحراء"
"Q15";"ar";"أفريقية"
"Q1286";"ar";"ألب"
"Q13231715";"ar";"أمانة التعاون الثلاثي"
"Q828";"ar";"أمريكا"
"Q18";"ar";"أمريكا الجنوبية"
"Q49";"ar";"أمريكا الشمالية"
"Q12585";"ar";"أمريكا اللاتينية"
"Q12585";"ar";"أمريكا اللاتينية والكاريبي"
"Q27611";"ar";"أمريكا الوسطى"
"Q828";"ar";"أمريكة"
"Q828";"ar";"أمريكتان"
"Q828";"ar";"أمريكيتان"
"Q7172";"ar";"أمناء جامعة الدول العربية"
"Q7172";"ar";"أمناء جامعة دول عربية"
"Q49";"ar";"أميركا الشمالية"
"Q51";"ar";"أنتارتيكا"
"Q166131";"ar";"أنتيل"
"Q5456";"ar";"أنديز"
"Q5401";"ar";"أوراسيا"
"Q46";"ar";"أوروبا"
"Q27449";"ar";"أوروبا الجنوبية"
"Q27468";"ar";"أوروبا الشرقية"
"Q27479";"ar";"أوروبا الشمالية"
"Q27496";"ar";"أوروبا الغربية"
"Q27509";"ar";"أوروبا الوسطى"
"Q900636";"ar";"أوروبا الوسطى والشرقية"
"Q7159";"ar";"إتحاد أفريقي"
"Q458";"ar";"إتحاد أوروبي"
"Q21195";"ar";"إسكندنافيا"
"Q21195";"ar";"إسكندينافيا"
"Q15";"ar";"إفريقيا"
"Q27394";"ar";"إفريقيا الجنوبية"
"Q132959";"ar";"إفريقيا السوداء"
"Q4412";"ar";"إفريقيا الغربية"
"Q132959";"ar";"إفريقيا جنوب الصحراء"
"Q15";"ar";"إفريقية"
"Q4412";"ar";"إفريقية الغربية"
"Q21195";"ar";"إلاسكندنافي"
"Q7159";"ar";"اتحاد أفريقي"
"Q4230";"ar";"اتحاد أمم أمريكا الجنوبية"
"Q458";"ar";"اتحاد أوربي"
"Q458";"ar";"اتحاد أوروبي"
"Q1045401";"ar";"اتحاد الدول الأمريكية اللاتينية والكاريبية"
"Q7779";"ar";"اتحاد الدول المستقلة"
"Q7779";"ar";"اتحاد الدول المستقله"
"Q7785";"ar";"اتحاد الكومونولث"
"Q458";"ar";"اتحاد اوروبي"
"Q4230";"ar";"اتحاد دول أمريكا الجنوبية"
"Q4230";"ar";"اتحاد دول جنوب القمة الاميركية"
"Q7785";"ar";"اتحاد كومومن ويلث"
"Q25322";"ar";"اركتيك"
"Q21195";"ar";"اسكدنافيا"
"Q21195";"ar";"اسكندنافيا"
"Q132959";"ar";"افريقيا جنوب الصحراء"
"Q1286";"ar";"الآلب"
"Q458";"ar";"الأتحاد الأوربي"
"Q458";"ar";"الأتحاد الأوروبي"
"Q97";"ar";"الأطلسي"
"Q1286";"ar";"الألب"
"Q828";"ar";"الأمريكتان"
"Q166131";"ar";"الأنتيل"
"Q128011";"ar";"الأنتيل الكبرى"
"Q5456";"ar";"الأنديز"
"Q7159";"ar";"الإتحاد الأفريقي"
"Q458";"ar";"الإتحاد الأوربى"
"Q458";"ar";"الإتحاد الأوربي"
"Q458";"ar";"الإتحاد الأوروبي"
"Q458";"ar";"الإتحاد الاوروبي"
"Q7172";"ar";"الإتحاد الدول العربية"
"Q7172";"ar";"الإتحاد الدول العربيه"
"Q21195";"ar";"الإسكندنافية"
"Q7159";"ar";"الاتحاد الأفريقي"
"Q458";"ar";"الاتحاد الأوربي"
"Q458";"ar";"الاتحاد الأوروبى"
"Q458";"ar";"الاتحاد الأوروبي"
"Q4173083";"ar";"الاتحاد الاقتصادي الأوروآسيوي"
"Q458";"ar";"الاتحاد الاوربي"
"Q458";"ar";"الاتحاد الاوروبى"
"Q458";"ar";"الاتحاد الاوروبي"
"Q166131";"ar";"الانتيل"
"Q5456";"ar";"الانديز"
"Q1286";"ar";"الب"
"Q4918";"ar";"البحر الأبيض المتوسط"
"Q166";"ar";"البحر الأسود"
"Q166";"ar";"البحر الاسود"
"Q4918";"ar";"البحر المتوسط"
"Q499151";"ar";"البرلمان الأمريكي اللاتيني"
"Q458";"ar";"البلدان الأوروبية"
"Q23522";"ar";"البلقان"
"Q170481";"ar";"التعاون الاقتصادي لآسيا والمحيط الهادي"
"Q170481";"ar";"التعاون الاقتصادي لآسيا-الباسفيك"
"Q7172";"ar";"الجامعة العربية"
"Q7184";"ar";"الحلف الأطلسي"
"Q34675";"ar";"الخليج العربي"
"Q34675";"ar";"الخليج الفارسي"
"Q21195";"ar";"الدول الإسكندنافية"
"Q21195";"ar";"الدول الاسكندنافية"
"Q21195";"ar";"الدول الاسكندينافية"
"Q66065";"ar";"الساحل"
"Q66065";"ar";"الساحل الأفريقي"
"Q66065";"ar";"الساحل الإفريقي"
"Q11523819";"ar";"الشراكة الاقتصادية الإقليمية الشاملة"
"Q48214";"ar";"الشرق الأدنى"
"Q7204";"ar";"الشرق الأوسط"
"Q48214";"ar";"الشرق الادنى"
"Q6583";"ar";"الصحراء الكبرى"
"Q7204";"ar";"العنصر المتوسطي الشرقي"
"Q4412";"ar";"الغرب الإفريقي"
"Q15";"ar";"القارة الأفريقية"
"Q51";"ar";"القارة القطبية الجنوبية"
"Q51";"ar";"القارة المتجمدة الجنوبية"
"Q60140";"ar";"القارة الهندية"
"Q18869";"ar";"القفقاز"
"Q18869";"ar";"القفقاس"
"Q18869";"ar";"القوقاز"
"Q664609";"ar";"الكاريبي"
"Q7785";"ar";"الكومنولث"
"Q7785";"ar";"الكومنولث الأسترالي"
"Q7785";"ar";"الكومنولث البريطاني"
"Q7785";"ar";"الكومنوولث"
"Q7785";"ar";"الكومنويلث"
"Q7785";"ar";"الكومونولث"
"Q7785";"ar";"الكومونويلث"
"Q193272";"ar";"المجتمع الإقتصادي لدول غرب إفريقيا"
"Q2655795";"ar";"المجلس البريطاني الأيرلندي"
"Q596850";"ar";"المجلس التركي"
"Q146165";"ar";"المجلس الشمالي"
"Q193272";"ar";"المجموعة الاقتصادية لدول غرب إفريقيا"
"Q97";"ar";"المحيط الأطلسي"
"Q97";"ar";"المحيط الأطلنطي"
"Q98";"ar";"المحيط الهادئ"
"Q1239";"ar";"المحيط الهندي"
"Q503282";"ar";"المشرق العربي"
"Q28227";"ar";"المغارب"
"Q28227";"ar";"المغاربية"
"Q28227";"ar";"المغرب العربي"
"Q28227";"ar";"المغرب العربي الكبير"
"Q25322";"ar";"المنطقة القطبية الشمالية"
"Q28227";"ar";"المنطقة المغاربية"
"Q7184";"ar";"الناتو"
"Q7184";"ar";"الناتو (حلف شمال الأطلنطي)"
"Q166131";"ar";"انتيل"
"Q5456";"ar";"انديز"
"Q166";"ar";"بحر أسود"
"Q166";"ar";"بحر اسود"
"Q166";"ar";"بحر الأسود"
"Q4918";"ar";"بحر الروم"
"Q37660";"ar";"بحر الصين"
"Q37660";"ar";"بحر الصين الجنوبي"
"Q45341";"ar";"بحر الصين الشرقي"
"Q34675";"ar";"بحر العجم"
"Q37660";"ar";"بحر جنوب الصين"
"Q45341";"ar";"بحر شرق الصين"
"Q34675";"ar";"بحر فارس"
"Q37660";"ar";"بحرالصين"
"Q18869";"ar";"بلاد القبق"
"Q28227";"ar";"بلاد المغرب"
"Q28227";"ar";"بلاد المغرب العربي"
"Q458";"ar";"بلدان أوروبية"
"Q28227";"ar";"بلدان المغرب العربي"
"Q23522";"ar";"بلقان"
"Q23522";"ar";"بلقاني"
"Q35942";"ar";"بولنيزيا"
"Q35942";"ar";"بولنيسيا"
"Q35942";"ar";"بولينيزيا"
"Q35942";"ar";"بولينيسيا"
"Q3935730";"ar";"تاكم"
"Q7172";"ar";"جامعة دول عربية"
"Q7172";"ar";"جامعة دول عربية (أمناء)"
"Q1286";"ar";"جبال الآلب"
"Q1286";"ar";"جبال الألب"
"Q1286";"ar";"جبال الألب السويسرية"
"Q5456";"ar";"جبال الأنديز"
"Q5456";"ar";"جبال الإنديز"
"Q5456";"ar";"جبال الانديز"
"Q5463";"ar";"جبال الروكي"
"Q5463";"ar";"جبال روكي"
"Q166131";"ar";"جزر الأنتيل"
"Q93259";"ar";"جزر الأنتيل الصغرى"
"Q128011";"ar";"جزر الأنتيل الكبرى"
"Q538";"ar";"جزيرة أوقيانوسيا"
"Q771405";"ar";"جنوب آسيا"
"Q27394";"ar";"جنوب أفريقيا (منطقة)"
"Q27449";"ar";"جنوب أوروبا"
"Q771405";"ar";"جنوب اسيا"
"Q11708";"ar";"جنوب شرق آسيا"
"Q263686";"ar";"جنوب شرق أوروبا"
"Q23522";"ar";"جنوب شرق أوروبا"
"Q23522";"ar";"جنوب شرقي أوروبا"
"Q27293";"ar";"جنوب غرب آسيا"
"Q27293";"ar";"جنوب غرب أسيا"
"Q771405";"ar";"جنوبي آسيا"
"Q27394";"ar";"جنوبي أفريقيا"
"Q244323";"ar";"حلف الفيشغراد"
"Q7184";"ar";"حلف الناتو"
"Q7184";"ar";"حلف شمال اطلسي"
"Q7184";"ar";"حلف شمال الأطلسي"
"Q7184";"ar";"حلف شمال الأطلنطي"
"Q7184";"ar";"حلف ناتو"
"Q776874";"ar";"حوار التعاون الآسيوي"
"Q34675";"ar";"خليج البصرة"
"Q34675";"ar";"خليج القطيف"
"Q34675";"ar";"خليج فارس"
"Q21195";"ar";"دول إسكندنافية"
"Q21195";"ar";"دول اسكندنافية"
"Q23522";"ar";"دول البلقان"
"Q7785";"ar";"دول الكومنولث"
"Q7785";"ar";"دول الكومونولث"
"Q28227";"ar";"دول المغرب العربي"
"Q132959";"ar";"دول جنوب إفريقيا"
"Q21195";"ar";"دول سكاندنافية"
"Q21195";"ar";"دولة إسكندنافية"
"Q21195";"ar";"دولة اسكندنافية"
"Q21195";"ar";"دولة سكاندنافية"
"Q1147937";"ar";"رابطة الدول الكاريبية"
"Q7779";"ar";"رابطة الدول المستقلة"
"Q145700";"ar";"رابطة جنوب آسيا للتعاون الاقليمي"
"Q2297691";"ar";"رابطة حافة المحيط الهندي"
"Q21195";"ar";"سكاندانافيا"
"Q21195";"ar";"سكاندنافيا"
"Q21195";"ar";"سكندنافيا"
"Q1286";"ar";"سلسلة جبال الألب"
"Q1045401";"ar";"سيلاك"
"Q60140";"ar";"شبه القارة الهندية"
"Q23522";"ar";"شبه جزيرة البلقان"
"Q60140";"ar";"شبه قارة الهند"
"Q27231";"ar";"شرق آسيا"
"Q48214";"ar";"شرق أدنى"
"Q48214";"ar";"شرق أدني"
"Q27407";"ar";"شرق أفريقيا"
"Q27407";"ar";"شرق إفريقيا"
"Q48214";"ar";"شرق ادنى"
"Q16389571";"ar";"شرق ووسط أوروبا"
"Q27381";"ar";"شمال أفريقيا"
"Q2017699";"ar";"شمال أمريكا"
"Q27293";"ar";"غرب آسيا"
"Q4412";"ar";"غرب أفريقيا"
"Q210682";"ar";"غرب أفريقيا الفرنسي"
"Q27496";"ar";"غرب أوروبا"
"Q4412";"ar";"غرب إفريقيا"
"Q27293";"ar";"غرب اسيا"
"Q27293";"ar";"غرب القارة الآسيوية"
"Q27293";"ar";"غربي آسيا"
"Q4412";"ar";"غربي أفريقيا"
"Q244323";"ar";"فيشغراد 4"
"Q46";"ar";"قارة أوروبا"
"Q18869";"ar";"قفقاس"
"Q18869";"ar";"قفقاسيا"
"Q18869";"ar";"قوقاز"
"Q205995";"ar";"كاريكوم"
"Q7785";"ar";"كمونولث الأمم"
"Q7785";"ar";"كومنولث"
"Q7779";"ar";"كومنولث الدول المستقلة"
"Q7785";"ar";"كومونولث"
"Q795985";"ar";"مبادرة خليج البنغال للتعاون التقني والاقتصادي المتعدد القطاعات"
"Q97994672";"ar";"مثلث لوبلين"
"Q8908";"ar";"مجلس أوروبا"
"Q217172";"ar";"مجلس التعاون"
"Q217172";"ar";"مجلس التعاون الخليجي"
"Q217172";"ar";"مجلس التعاون لدول الخليج"
"Q217172";"ar";"مجلس التعاون لدول الخليج"
"Q146165";"ar";"مجلس الشمال"
"Q205995";"ar";"مجموعة الكاريبي"
"Q1045401";"ar";"مجموعة دول أمريكا اللاتينية والكاريبي"
"Q337456";"ar";"مجموعة شرق أفريقيا"
"Q503282";"ar";"مشرق عربي"
"Q28227";"ar";"مغرب"
"Q28227";"ar";"مغرب عربي"
"Q132959";"ar";"مناطق القارة الأفريقية الواقعة جنوب الصحراء الكبرى"
"Q170481";"ar";"منتدى التعاون الاقتصادي لآسيا والمحيط الهادئ"
"Q170481";"ar";"منتدى التعاون الاقتصادي لدول آسيا والمحيط الهادئ"
"Q170481";"ar";"منتدى التعاون الاقتصادي لدول آسيا والمحيط الهادي"
"Q62005941";"ar";"منتدى التقدم والتنمية في أمريكا الجنوبية"
"Q757276";"ar";"منتدى جزر المحيط الهادئ"
"Q66065";"ar";"منطقة الساحل"
"Q25322";"ar";"منطقة متجمدة شمالية"
"Q28227";"ar";"منطقة مغاربية"
"Q123759";"ar";"منظمة البلدان الأمريكية"
"Q225950";"ar";"منظمة التعاون الاقتصادي"
"Q7184";"ar";"منظمة حلف شمال الأطلسي"
"Q485207";"ar";"منظمة شانغهاى للتعاون"
"Q485207";"ar";"منظمة شانغهاي للتعاون"
"Q485207";"ar";"منظمة شنغهاي"
"Q485207";"ar";"منظمة شنغهاي للتعاون"
"Q326816";"ar";"منظمة غوام GUAM للتطوير الديمقراطي والاقتصادي"
"Q326816";"ar";"منظمة غوام للتطوير الديمقراطي والاقتصادي"
"Q326816";"ar";"منظمة غوام من أجل الديمقراطية والتنمية الاقتصادية"
"Q123759";"ar";"منظمه البلدان الأمريكيه"
"Q485207";"ar";"منظمه شانغهاي للتعاون"
"Q190028";"ar";"منظومة التكامل في أمريكا الوسطى"
"Q4264";"ar";"ميركوسور"
"Q3359409";"ar";"ميكرونيسيا"
"Q37394";"ar";"ميلانيزيا"
"Q37394";"ar";"ميلانيسيا"
"Q7184";"ar";"ناتو"
"Q7184";"ar";"نيتو"
"Q5451";"ar";"هيمالايا"
"Q27433";"ar";"وسط أفريقيا"
